fiscal_year,period,motions_to_reopen,motions_to_recalendar,motions_to_reconsider,bia_motions
2015,FY,13512,11120,530,5908
2016,FY,13720,13696,540,5641
2017,FY,15896,19449,847,5898
2018,FY,17760,18478,2447,7658
2019,FY,20144,13003,1304,5568
2020,FY,17887,14088,1148,4993
2021,FY,10877,10563,976,5784
2022,FY,16263,7379,1047,4522
2023,FY,29189,8627,1819,5097
2024,FY,44655,13001,2181,7197
2025,FY,54329,126085,3547,7640
