fiscal_year,period,pending_cases,initial_receipts,total_completions
2015,FY,658871,193000,143638
2016,FY,747773,228455,143481
2017,FY,895677,295259,163072
2018,FY,1039403,316133,195146
2019,FY,1331286,547239,277075
2020,FY,1504246,369598,232311
2021,FY,1655551,244261,115959
2022,FY,2063123,707527,314788
2023,FY,2768875,1206107,526648
2024,FY,3884956,1783915,704514
2025,FY Q3,3797662,448019,588128
